1c677babdd71ca3978086123b175672574cdf1e2,ed700f0c00ce4e5d339a5781101e4c530583592e
597801fd7f96eafc98e9c2a6ddb08003a9dcfb33,45aaa32cf6dbc670435707775e52768616d4f709
9a82e9a98452830f4817977d2a04d34e03d4fed2,e7be9ac5748fb365e8b35fde434783518b72dd56
178b7dad9d488d1ac6fe6a8dd00bedf9f1f0426f,9261a006093ec2c158aafdc5e48330901ab805ae
af1b46e03ba61fb19edaabaeaca060817eb4f4ae,a89e25f09a57150545209aef3b2db48274d20917
22d281cfaa5f3eb78a99caf0b3713e8b7a352960,0a8ae99375e2042dfe00e9f2a3a5ec31f0487b38
3ca3f6f3abc1cf0a885839111ff3249943dc5139,0776415686c7edd46f9ab2bd8aa8946d41fbb0e4
8d3d3e86fe9de6e6cc87611bf80c808ad2aa81eb,e4db9621917c6386506972963aaf34e02169463d
149d4fcdf3ae8791ce2bcb8673a1fde0dd9507cc,d6d42a7414eb0ba045e517a54fc3f8d9db5e3dff
7cd63267741be9fd8dcb0aa77c66378f257a0690,8d3855551498d46dd50dfc7cb318bd2da5242f83
77fb49b53f2ab488999658dc8fb6c41dc98a32fd,fbc5a25fb0ea61433aa84cc42f04489b671ef596
5895ab8d6e25710f968c2b200bbbd500563a93ee,930052b1dfafd0ed625cd53a91a13db2d6270212
75361a4386b2d4def1efe65cfbda2a01281c6a49,333a2106c8514eebddca8ca242e7e73c50c03673
662435d8b0c8118e006c2f08b6bc89c3e988e8fb,e19519f876429b088704dc47c21d16329ff79767
3b612659816a1e956238cf29aa913ba391cb1416,fab26390db0cd1769eb525a4c3ebe700d7e87b00
a9b9f846d5215947a2381b011f52a1ad0cef9d28,5e62b4244fa5ea5d13f6f9c7c68a8be41cdad708
edb87e60e9a23c7405fa06e8b3ccc1d20735bff6,617cc087bf7875f62971205c8df3c1bf369ffc39
af0896a411260c39b52bb9bf918508f01c0d2260,d6247ecb1b85eed6248f4ae83dd79edaa2f8a033
e8b20b04ff7750cfee85df336ac713c4f0104258,a21d824747ea84868bfe53ed365907ce5f930025
ae6232ce5bcf8060f2e217c3adf73fd8861799f3,8b3c9abca5a46ad20eb04f5164f26db6d9cea9bf
6c03039fba53783397c7a048eb45b6565bcec1d4,c17c29a9cd8a8cbeee3542eae5f4c247279a44b3
7ea04f85b16896dfeb22e749eb7a194fb570dda2,7430564fce19d11b8dc0413d1acafd0b46322180
108f5e8aa979337772ee887da19b17e20065022b,68acf5570a54a392456dab5340a9e1469eb4cf4e
7d7a88690eaa278b043504deddd2e4d719ff0ed6,d12a7face910542a06c3214fc4675eb6ed9513bf
39195bc960eb8168ac1c58e145f7e01961e5170e,1aef89c92dcda8a20fbfe240ae0c07c0b3f80033
44a8e3b0e4dea6b41452d8d2a268f02ceb1107b6,03c6b2ea2e52418160861d624f2047c4ac936d6c
14270a17b20adaebb917fb3141a9e1e53d8e1acf,aeb160e9e6b198be1b6f1f49eff84012cb87f2a5
9b56b750d6aae9e7a9def1fa9a1905016fca4848,ae32c0ed710a634e051887f51e9beb3ae9646698
24d9971028121353142af0ffbbaf6a409e5f079b,966977ede19a2b1764be9359b5685ce7a65bfcc0
f731884bbe815a4db2c56fb4cfa6468f02b16d55,141341d6213c747232cacbe2949fd79e2cc7e4f1
c7e585061a2cda50e32518f0b2d01ee3806b626e,77f671206328391aee1b283fc2c3f2d6739644e1
17da246eff4baead8c2eb0cbb7a9fc01bac5ab4b,30021b922525e4f2af7716e13b58e0fcfe4631f5
e12d825778dec2f0da2a3827794038c778976ee7,17f351554930412017cdb2907488e6f83c8c5b60
8a8c9ec8c530af73fb513495b29c1702c1290bba,537e915cedf365b2c1a628429e9292d47411243a
781e259bcf2b248614386be50bfd9fc3d76849e7,8433d6f0fdd18bcdb5ef76fc796b8b0b1809664d
9a2c9a7f29e6d1b7ff428ac50ddeb8a3a71372ac,98530407d05fe4bee393a610fb5bf6ac2e5d7d02
6f18078e921e31aece80e96f60dee668edbbc0c0,f9482c116db76bf9b11cb31dca557418fa0f9371
b79c3633701684240ca93049804d55f5aa651801,d4e100da3d589d93e2e95d6ccfca28bf17da54ba
2a2f75d58ff691cbd091b3c1ae0d4f3943d29d17,11f5f800560e62f335e046f85c5a0325342a0033
c3db26480ee3592fbb8a611189f6b65c5de27148,e24cbd2203e55b8a8845ec04cb0272ad20268336
f4efb825665df6d9c0780bb027bb83755b2be9a0,7ab078981f8b4c44357c3ed348b0e7e34ba690ff
2b628b4856999ca6837ea9f7ad4208bc22be04aa,ad1c093700da7d423399259afa26e8a0f15ff9c6
3476e6ce78fa628063fd7054136df0596a993e50,65841ee8c1c6054fc7e5e05f065a3a58c513b824
8bc2323dbb2ab4e35038e5617bd2af6dd29a0aec,5e3b1df8147d244d327be75b1f1fc9ac1e6c88ff
f4e145891bd5c0dfe0f01ea9b3a9956783c492b2,67ea51ce9923bde7ca349c65f171ee5f6b34b21a
dda980a2d7600226d56ebd2b5cc3e3dd4bfa40cd,4da848030333b274c7e4ec32a99e2f450efa6a1e
bf0deea4976e60742dcc93332b4d7664e65266f7,8a658611e746019acb2ded2783f17863a7ccec55
4ac6ac88f44915ea0cada4dfa3bb91d92b517e15,bcc270e0da65bead12c7ba582bc9668d4056a071
e736b9319c97c80514faf91611374c4be1baf6d5,ee10715f28f8202715951bd5a9c3c79bb7b8027b
b0e33d4ce123ed171b329a88d2392355a8b87182,f6bac6640558903d2d8b8f794eba7bd81077be16
39304cb9271bc82ff2d0488b94c045d3eef7d507,1e182ffc7ac21c60cacdf62b26750189d990edb0
e6bc8496f04b47c63ed671ac85492ae2e80e3543,e3147a3b4f127fe1faccde62dc210054935a3d8d
b6333ed5926e4d8d89908b8fa2e15ac56ada10e6,622a396893a3cdd7cde8413e1b06cbacc3cde423
b5c150ff1ac2ba9e662e109b9195aa8febc9e83d,fc0a52c8d79cf91ace99dc90438a105be8b08e47
d6a41f1ad67dd7facde78b8c09d7decfdc9b8351,d7635741355e0d8f5f36fa44916b213fd9d4dbd6
ff53bc46625132573880cdf70dfb6a9efcc5eb41,77e55e091f5b78608f8cf11683aeb359472123b0
254fb692fe0e2f076691efa643fcd8493f3a4482,20aa53fe53d76344ad225e9c984d0d63cf32c552
ea7cdfbf29a1f9e08511b65752852ea62b4df55e,25fd21026c88d5d79f2fc43d8c1981460ea66f20
a65ef484a805206b31d0844108f2a28f4d92450f,9e6b7dee4dcd494c8f44b64517d10d3c7e2804c4
3f4e255d00e11eac2550910722f0c19b82dacd00,4cc0fd88f724769eaeafba5baf1ab843dfa38061
c7fd706a2a5eb83e7ffba84b63f949b44552aa46,65bf1e8c96083c743166bfa8be1e6cce21e431c0
43fa5d613e90e0921cbb0ff9971264b651a696b7,6828851e0637c1819d3ed07a9e4146102e997086
bebf1ff12c70e9c4711a11400bc9533efebece4d,aa8f21d022417f06baa5d0da37623d9e951755ea
b54f36d4b50fbd122113f0602eb848d7569ccb17,c19c52d5b2f8a8e2bbc1111bd7c201c39a326c2e
fb5945262977e197ec45fcd1cd83a097225b0dda,1c2ed8d45b214fe4a4c25a0ea6d04a6d2f2ba3cc
57833da340f99be7dc93b34dba1814e7dd7dfa11,44a0895aef1c2b1df98b98fb6ca976e134f25c9a
9d60fc09af5575ef9e43a0a7ad0cc79dc4284f3a,565a33ac439fc0ead3de9acfad3138d124dd07fe
274a98e06c7a076a6476a6300da7ef295c34afca,7abe4be71e20ce18375970826e1655af85d4765f
fb61d6b9c65efc178d07e574f9e2054d63c314e2,201f33d0329727884eb32fd34baff842c675aba8
7efa1b5fe4c15396235dfb63a89d43a34e6f2ddb,0262c7e46b67db95bc2fe626e05a6c78b5795289
4b64526fcfcdf486754fe4c6217f9b58e0b298dc,779bfa5db87e14239dd2ef2efba9854d921933fe
fe51a4485caf894f3c2dccfa599cc1097388ec4c,50bc667d468b85a324ec800468db951c81620780
b78fa056ece421eedc284e87921402d61a6f9586,028ef0c61b75eac970523b4bbdf43909623eacfa
a1c4c84bf4cc44efe72129e5cd2c7872165acdae,6ac0089b80b790199cbe1762712705ccdcf0c074
0b8647c63172490bfcd524e992bc6f06b4c2ea13,e61e830e47176326b0b6d5ea19ae3a61c43fee9c
091ad7e9aa1d961adf500fb57c33e5c0f2501b41,c6d1249a612ab3d67d6aa0f7670a1ef0bff85eb3
335e50d7444c1f3f069233275e46c28192cf44a2,cb04dbaba40fce75256b57e4a85b4abff6a02615
a14fbba1772c507912a3d15702d974483cdc76fa,beae810b03855af2e6e9ffb527ecdf725ebb54af
908eb14206869494923abc4e522d8347c247e9df,310b448394100dbf40d45c34d70b8ddab5ff0e7a
2a72cd52dd6b82b263b22f84d0413db37af5653d,803573f5bf1bf6eb788c153054e4b91fb75e20e4
7428b18869659f5e5de4e93157d37c6f6647142b,6429ff64a38fcd8897a2b4eb16e83fc03f1a8454
4781cec01693c4ba05272c1db2c7b7aa7af2127d,f80f53f5a98630334e6e4666655ce38d46471cc3
859e9eb5fa90f923addf08b327f9f9a474bb9d59,e9916ea2afcf9f560e619b6b9d6833292aa3993e
186b0649a778204d00c304272e7c2de204a65ea0,cda03ebcd159aa0a5512d3947f3548d86b8ca123
e0ec6927181e13714b37c13a4b22abf8a5a90606,36c4af9bc368fce652af21a034a2770cb6ea08a3
11a943602e6606ff1cd8c26d0e9b7a30bb57a5b3,6f5d0126fea2c57543ea3136fa622b29678ae576
0a49fe2fe06103e866c84a99270d2634c1c4e77f,15623ad25c65fb6e902ce49b25d27cef5bd7c9d7
97b01162af0c1dc884d72d63807454322f7f978c,88eb162e737d7083b866d0619bfac1a7e1ddccb1
09523df608bba0120b375b00d29e86dd302f362f,d11609025e6f6886e6781e1aaa0746394418ec4f
4872c9ecc67dee741bd6644abb4d53d535c05a4c,25eb180b7c7754b0e88a316f83ae9a9e84dbeb73
4c925a58ca0ee1f85082ee1a940b183347206aea,4c1c7f925fcd44f8606d1bd0c1c2a3a7a6546c57
0114b0c022547e6bca028189da22a766b9c45853,1abfa9d83f15b6133df27e3489a8baa638c00977
e980b21790ff26306602e7e0d5683404816c4891,f9ac7427cfecab7f5c27ba604baa1f15ae527195
7e6d0d43641dea3e83f05c87e8ea85a22b46ade7,a736a450dec9409d3324b7fee56b724b3ee2de84
fe677d48abf0bcbfbfd8445b0c73ea9df4844e2e,99dc8a49cd0089b5256f02708008bdb87f854146
3babcd4becf150efe043d0d1c294be48542126d6,2c7b5604d19c25039c98ae4a5fea439a5e7f186e
453afb31916ff023fe35753081d123f5af218ef9,5ca089cd17ad721020c6fd7f9c662ce03acb5793
44a5fc0174ff14a99faf5f21cab1953919abac70,034f256775a75ea503cb4195e9e0bbf5474c202a
b29d2447b3ec83b6ea47b56f5ca19335a8d41315,8f42d74a1a5b30700550e686f20591e5b0082da8
033fd4c15ec796ed5a4d64c89b7fe2ca5bec5f23,16313d20943bdeb0fb8e5042215331a746915b0c
69d82cd87f9f4f1ecb34e5d92ffdf29561ddb0cd,ccbaab45b55a91244ecb376740dc4f39307c8811
fb90f20e9867d8fcfe1143096e20f587c897f01a,0ac8e5297e089c5be19c0f56f3c752b4b802110a
e761de9e0846ad844575e00af67787f9c76bfd3a,06242863a1a5c3ae6b466b02c28db6afb0f0b5f8
b3eeda62cef8a13bbb4d5e18944e524e8d7fcf24,51c5f88833a403f3cb8dbaebaf10dd28420aa6d7
60d52d6cecb3a4ce1170d8d52efc1afcbd2575d6,b0c4672b37e76eef57ffbc35fba620793edc98e2
7c93fd231f70227fc19f0f028667422f4392bf52,1c89573327033da9a66d93e9e0e7a6e63f069630
f6a6d16e26f38afc9c96fceb42acf29e8dfd9d72,80e9bbb5a5bd6a00605d1d7b5835177b32088c48
cf23fe34ff3d12e7027d29af081f6727421f85d7,0feef7ca19226b2ec3c9ebd9e1a019dd8d946aff
385d9798b1ebd41a5d2625c9eebfe0c5eb85b5fe,e98343f093b3f0752aa1bac85fd963410400bc2a
422aedfee0471ee0a1150c58f0f15469a71637c7,812053771262c91dda2386d772c673a87997c9b6
700d19e86043c2605a9495b813423b5b818b221d,506f394488f2d184e8148f4279147dd636a4016d
21fbd530d78d76dd562d2ed324a109ece8d3a12c,80b63a498b70210e38f3ef0d73b506c0a004002f
e597498a3b13115d0473c39add0cc76a9c8c50ae,68b90dfcb21048cb5041428289b5a1c498544640
bb66884cdf39fab0ba220f14e9c72bc986e589c2,9e2b030dcc3494bbfcd95c6549b1f7f78412dd9c
64bfd466f1b40a6eae74329aab9f00602dad8e78,2bc1917acd9e8e87002c8ae2b912f30df1ddb979
c3a39066363022d36230f5332338c0573af7e19b,6dc4d892171bda6a227183126b04b80aa2846780
49a879e295aaa0c184e77ca6aee4168cc5e3ba07,2ea2e72973d6fc129a740c4441e47ee85fb057bc
28392708553a294f992cad8df897ed9ed89cedf5,d238eb782c07d0c74c24b6e1608d90b60baea79d
5e59b8e9344b11ea03f23921259e6377d97fe488,92a9c299a2e6e283f8dbb1877fb994d9fd8cde13
18ea2493d603c5dc7a3e8e02d78439f89f5b09ac,41fd9e49467933136907a44c9bb28aeaa0dbca30
